test_size,seg_len,overlap,lr,epochs,accuracy
0.2,200.0,0.0,0.0002,90.0,0.8310185185185185
0.3,200.0,0.0,0.0002,90.0,0.8379629629629629
0.4,200.0,0.0,0.0002,90.0,0.8327546296296297
0.2,300.0,0.0,0.0002,90.0,0.8298611111111112
0.3,300.0,0.0,0.0002,90.0,0.8067129629629629
0.4,300.0,0.0,0.0002,90.0,0.8142361111111112
0.2,400.0,0.0,0.0002,90.0,0.8263888888888888
0.3,400.0,0.0,0.0002,90.0,0.8379629629629629
0.4,400.0,0.0,0.0002,90.0,0.8275462962962963
0.2,512.0,0.0,0.0002,90.0,0.849112426035503
0.3,512.0,0.0,0.0002,90.0,0.8323471400394478
0.4,512.0,0.0,0.0002,90.0,0.8266666666666667
MEAN,,,,,0.8293808897655052
BEST,512.0,,,,0.849112426035503
WORST,300.0,,,,0.8067129629629629
